FIPStxt,Stabr,area_name,Metro_2013, Civilian_labor_force_2000 , Employed_2000 , Unemployed_2000 ,Unemployment_rate_2000, Civilian_labor_force_2001 , Employed_2001 , Unemployed_2001 ,Unemployment_rate_2001, Civilian_labor_force_2002 , Employed_2002 , Unemployed_2002 ,Unemployment_rate_2002, Civilian_labor_force_2003 , Employed_2003 , Unemployed_2003 ,Unemployment_rate_2003, Civilian_labor_force_2004 , Employed_2004 , Unemployed_2004 ,Unemployment_rate_2004, Civilian_labor_force_2005 , Employed_2005 , Unemployed_2005 ,Unemployment_rate_2005, Civilian_labor_force_2006 , Employed_2006 , Unemployed_2006 ,Unemployment_rate_2006, Civilian_labor_force_2007 , Employed_2007 , Unemployed_2007 ,Unemployment_rate_2007, Civilian_labor_force_2008 , Employed_2008 , Unemployed_2008 ,Unemployment_rate_2008,Civilian_labor_force_2009,Employed_2009,Unemployed_2009,Unemployment_rate_2009, Civilian_labor_force_2010 , Employed_2010 , Unemployed_2010 ,Unemployment_rate_2010, Civilian_labor_force_2011 , Employed_2011 , Unemployed_2011 ,Unemployment_rate_2011, Civilian_labor_force_2012 , Employed_2012 , Unemployed_2012 ,Unemployment_rate_2012, Civilian_labor_force_2013 , Employed_2013 , Unemployed_2013 ,Unemployment_rate_2013, Civilian_labor_force_2014 , Employed_2014 , Unemployed_2014 ,Unemployment_rate_2014, Civilian_labor_force_2015 , Employed_2015 , Unemployed_2015 ,Unemployment_rate_2015, Civilian_labor_force_2016 , Employed_2016 , Unemployed_2016 ,Unemployment_rate_2016,Civilian_labor_force_2017,Employed_2017,Unemployed_2017,Unemployment_rate_2017,Civilian_labor_force_2018,Employed_2018,Unemployed_2018,Unemployment_rate_2018, Civilian_labor_force_2019 , Employed_2019 , Unemployed_2019 ,Unemployment_rate_2019,Median_Household_Income_2018,Med_HH_Income_Percent_of_State_Total_2018
0,US,United States,,"142,601,667","136,904,680","5,696,987",4,"143,786,778","136,978,129","6,808,649",4.7,"144,839,532","136,455,911","8,383,621",5.8,"145,660,181","136,944,540","8,715,641",6,"146,725,005","138,614,038","8,110,967",5.5,"148,012,786","140,462,401","7,550,385",5.1,"150,223,730","143,262,292","6,961,438",4.6,"152,191,286","145,156,247","7,035,039",4.6,"153,761,298","144,860,522","8,900,776",5.8,"153,825,791","139,594,849","14,230,942",9.3,"154,270,726","139,408,198","14,862,528",9.6,"154,606,324","140,765,822","13,840,502",9,"155,119,209","142,600,412","12,518,797",8.1,"155,485,689","144,018,150","11,467,539",7.4,"155,957,310","146,338,323","9,618,987",6.2,"156,798,981","148,515,185","8,283,796",5,"158,626,135","150,902,618","7,723,517",4.9,"160,158,564","153,183,461","6,975,103",4.4,"161,389,026","155,102,319","6,286,707",3.9,"163,100,055","157,115,247","5,984,808",3.7,"61,937",
1000,AL,Alabama,,"2,133,223","2,035,594","97,629",4.6,"2,115,401","2,006,884","108,517",5.1,"2,106,161","1,981,919","124,242",5.9,"2,120,225","1,992,732","127,493",6,"2,136,458","2,014,889","121,569",5.7,"2,146,025","2,049,791","96,234",4.5,"2,167,809","2,080,233","87,576",4,"2,175,612","2,089,127","86,485",4,"2,176,489","2,053,477","123,012",5.7,"2,162,999","1,924,747","238,252",11,"2,196,042","1,964,559","231,483",10.5,"2,202,670","1,990,413","212,257",9.6,"2,176,337","2,003,290","173,047",8,"2,174,000","2,017,043","156,957",7.2,"2,160,842","2,014,290","146,552",6.8,"2,161,481","2,030,005","131,476",6,"2,182,558","2,055,251","127,307",5.8,"2,186,869","2,090,373","96,496",4.4,"2,216,627","2,130,845","85,782",3.9,"2,241,747","2,174,483","67,264",3,"49,881",100
,,Birmingham,,"411,295","396,020","15,275",7,"409,978","393,446","16,532",7,"407,792","388,018","19,774",9,"409,317","388,426","20,891",9,"411,860","391,695","20,165",9,"412,058","395,043","17,015",8,"415,144","399,725","15,419",7,"414,386","399,646","14,740",7,"412,771","392,167","20,604",9,"406,791","366,026","40,765",19,"420,892","380,737","40,155",17,"423,866","387,643","36,223",16,"421,969","393,178","28,791",12,"422,409","396,480","25,929",11,"419,339","394,905","24,434",11,"419,889","397,395","22,494",10,"422,513","399,954","22,559",10,"423,251","406,399","16,852",8,"430,427","415,673","14,754",7,"434,694","423,078","11,616",5,"130,676",262
2000,AK,Alaska,,"319,511","299,146","20,365",6.4,"321,393","300,731","20,662",6.4,"326,401","302,580","23,821",7.3,"331,669","305,723","25,946",7.8,"336,743","311,643","25,100",7.5,"344,559","320,811","23,748",6.9,"349,691","326,542","23,149",6.6,"350,785","328,579","22,206",6.3,"356,109","332,285","23,824",6.7,"359,647","331,792","27,855",7.7,"361,913","333,416","28,497",7.9,"365,913","338,161","27,752",7.6,"365,519","339,474","26,045",7.1,"365,292","339,801","25,491",7,"365,383","340,302","25,081",6.9,"363,270","339,619","23,651",7,"361,791","336,979","24,812",6.9,"359,299","334,449","24,850",6.9,"352,662","329,901","22,761",6.5,"347,779","326,430","21,349",6.1,"74,912",100
2020,AK,Anchorage,1,"140,602","133,453","7,149",5.1,"141,933","134,782","7,151",5,"143,887","135,505","8,382",5.8,"145,428","136,227","9,201",6.3,"146,277","137,591","8,686",5.9,"149,028","140,840","8,188",5.5,"151,530","143,482","8,048",5.3,"151,051","143,336","7,715",5.1,"152,111","143,835","8,276",5.4,"153,834","143,806","10,028",6.5,"157,923","147,539","10,384",6.6,"159,006","149,542","9,464",6,"158,380","149,897","8,483",5.4,"158,401","150,169","8,232",5.2,"158,075","149,849","8,226",5.2,"156,755","148,856","7,899",5,"155,274","146,720","8,554",5.5,"153,108","144,255","8,853",5.8,"149,431","141,363","8,068",5.4,"146,949","139,526","7,423",5.1,"82,113",109.6
4000,AZ,Arizona,,"2,509,883","2,410,581","99,302",4,"2,585,284","2,461,498","123,786",4.8,"2,679,421","2,516,006","163,415",6.1,"2,736,000","2,578,854","157,146",5.7,"2,796,269","2,655,428","140,841",5,"2,883,226","2,748,372","134,854",4.7,"2,990,441","2,864,385","126,056",4.2,"3,034,016","2,917,117","116,899",3.9,"3,104,863","2,913,903","190,960",6.2,"3,128,110","2,817,577","310,533",9.9,"3,089,705","2,769,454","320,251",10.4,"3,037,017","2,748,470","288,547",9.5,"3,028,878","2,776,349","252,529",8.3,"3,029,425","2,794,697","234,728",7.7,"3,099,884","2,889,380","210,504",6.8,"3,163,828","2,972,014","191,814",6,"3,236,294","3,063,017","173,277",5.4,"3,321,564","3,160,248","161,316",4.9,"3,422,583","3,260,518","162,065",4.7,"3,551,260","3,384,504","166,756",4.7,"59,079",100
4013,AZ,Phoenix,1,"1,598,108","1,546,411","51,697",3.2,"1,655,742","1,586,141","69,601",4.2,"1,715,246","1,619,099","96,147",5.6,"1,749,197","1,658,323","90,874",5.2,"1,789,725","1,710,158","79,567",4.4,"1,856,076","1,780,954","75,122",4,"1,920,575","1,851,719","68,856",3.6,"1,945,290","1,881,907","63,383",3.3,"1,970,741","1,864,614","106,127",5.4,"1,966,607","1,787,374","179,233",9.1,"1,919,590","1,736,764","182,826",9.5,"1,894,633","1,732,510","162,123",8.6,"1,895,634","1,757,601","138,033",7.3,"1,907,171","1,781,737","125,434",6.6,"1,961,997","1,848,119","113,878",5.8,"2,020,413","1,916,900","103,513",5,"2,077,868","1,983,062","94,806",4.6,"2,141,365","2,052,091","89,274",4.2,"2,217,163","2,127,021","90,142",4.1,"2,310,503","2,217,656","92,847",4,"65,234",110.4
5000,AR,Arkansas,,"1,258,301","1,204,695","53,606",4.3,"1,253,456","1,191,273","62,183",5,"1,270,997","1,201,422","69,575",5.5,"1,271,696","1,196,299","75,397",5.9,"1,300,318","1,226,123","74,195",5.7,"1,345,913","1,275,448","70,465",5.2,"1,365,410","1,294,906","70,504",5.2,"1,369,284","1,296,572","72,712",5.3,"1,375,257","1,300,017","75,240",5.5,"1,358,911","1,252,399","106,512",7.8,"1,353,338","1,242,496","110,842",8.2,"1,362,682","1,249,514","113,168",8.3,"1,342,753","1,241,127","101,626",7.6,"1,322,576","1,226,859","95,717",7.2,"1,316,506","1,237,248","79,258",6,"1,331,377","1,264,455","66,922",5,"1,339,525","1,286,419","53,106",4,"1,347,015","1,297,215","49,800",3.7,"1,353,305","1,303,995","49,310",3.6,"1,362,642","1,314,290","48,352",3.5,"47,094",100
5119,AR,Little Rock,1,"184,110","177,186","6,924",3.8,"182,147","174,258","7,889",4.3,"182,112","173,090","9,022",5,"181,174","171,643","9,531",5.3,"185,731","176,064","9,667",5.2,"190,594","181,400","9,194",4.8,"189,922","180,838","9,084",4.8,"191,162","182,117","9,045",4.7,"191,923","182,801","9,122",4.8,"189,945","177,280","12,665",6.7,"189,065","175,256","13,809",7.3,"189,816","175,617","14,199",7.5,"188,257","175,325","12,932",6.9,"186,520","174,354","12,166",6.5,"184,355","174,206","10,149",5.5,"185,721","177,247","8,474",5,"186,810","180,191","6,619",3.5,"188,293","181,884","6,409",3.4,"188,642","182,165","6,477",3.4,"190,248","183,776","6,472",3.4,"49,957",106.1
6000,CA,California,,"16,867,808","16,033,179","834,629",4.9,"17,128,430","16,197,671","930,759",5.4,"17,257,097","16,108,685","1,148,412",6.7,"17,277,618","16,102,840","1,174,778",6.8,"17,383,631","16,303,996","1,079,635",6.2,"17,530,064","16,582,651","947,413",5.4,"17,654,109","16,789,422","864,687",4.9,"17,893,080","16,931,590","961,490",5.4,"18,178,123","16,854,482","1,323,641",7.3,"18,215,140","16,182,572","2,032,568",11.2,"18,336,271","16,091,945","2,244,326",12.2,"18,415,100","16,258,133","2,156,967",11.7,"18,523,793","16,602,672","1,921,121",10.4,"18,624,992","16,958,403","1,666,589",8.9,"18,714,706","17,310,937","1,403,769",7.5,"18,828,763","17,660,651","1,168,112",6,"19,021,176","17,980,080","1,041,096",5.5,"19,176,371","18,257,103","919,268",4.8,"19,280,821","18,460,725","820,096",4.3,"19,411,572","18,627,378","784,194",4,"75,250",100
6037,CA,Los Angeles,1,"4,677,389","4,425,623","251,766",5.4,"4,740,529","4,471,537","268,992",5.7,"4,751,584","4,430,944","320,640",6.7,"4,739,472","4,409,913","329,559",7,"4,753,481","4,445,361","308,120",6.5,"4,781,604","4,525,223","256,381",5.4,"4,807,873","4,577,565","230,308",4.8,"4,864,160","4,614,776","249,384",5.1,"4,928,959","4,555,103","373,856",7.6,"4,914,702","4,345,182","569,520",11.6,"4,917,375","4,302,274","615,101",12.5,"4,928,464","4,327,923","600,541",12.2,"4,915,263","4,378,392","536,871",10.9,"4,967,167","4,482,594","484,573",9.8,"4,992,593","4,580,294","412,299",8.3,"4,980,324","4,650,739","329,585",7,"5,030,508","4,765,899","264,609",5.3,"5,084,014","4,841,864","242,150",4.8,"5,095,504","4,860,309","235,195",4.6,"5,121,584","4,894,296","227,288",4.4,"67,986",90.3
8000,CO,Colorado,,"2,359,515","2,294,408","65,107",2.8,"2,391,048","2,300,113","90,935",3.8,"2,442,992","2,307,685","135,307",5.5,"2,486,229","2,338,207","148,022",6,"2,532,361","2,393,559","138,802",5.5,"2,563,900","2,435,082","128,818",5,"2,622,243","2,509,729","112,514",4.3,"2,664,677","2,565,218","99,459",3.7,"2,716,625","2,585,243","131,382",4.8,"2,722,982","2,524,443","198,539",7.3,"2,724,417","2,486,404","238,013",8.7,"2,736,079","2,507,265","228,814",8.4,"2,757,222","2,539,941","217,281",7.9,"2,767,153","2,577,556","189,597",6.9,"2,802,528","2,662,404","140,124",5,"2,825,111","2,714,821","110,290",4,"2,891,677","2,796,966","94,711",3.3,"2,986,522","2,902,749","83,773",2.8,"3,080,661","2,983,498","97,163",3.2,"3,148,766","3,062,098","86,668",2.8,"71,949",100
8031,CO,Denver,1,"305,202","295,908","9,294",3,"302,235","288,890","13,345",4.4,"299,999","280,297","19,702",6.6,"302,578","281,272","21,306",7,"303,137","283,567","19,570",6.5,"302,009","284,892","17,117",5.7,"306,021","291,349","14,672",4.8,"314,781","301,750","13,031",4.1,"323,342","305,960","17,382",5.4,"324,332","298,039","26,293",8.1,"347,590","315,922","31,668",9.1,"352,226","321,953","30,273",8.6,"357,670","329,577","28,093",7.9,"362,752","338,686","24,066",6.6,"368,895","351,178","17,717",4.8,"375,501","361,560","13,941",4,"384,721","372,773","11,948",3.1,"398,590","387,741","10,849",2.7,"411,594","399,026","12,568",3.1,"421,322","409,974","11,348",2.7,"68,069",94.6
9000,CT,Connecticut,,"1,764,126","1,721,913","42,213",2.4,"1,759,829","1,704,774","55,055",3.1,"1,774,152","1,697,127","77,025",4.3,"1,784,260","1,687,924","96,336",5.4,"1,774,193","1,686,213","87,980",5,"1,796,976","1,709,382","87,594",4.9,"1,828,651","1,749,191","79,460",4.3,"1,856,209","1,773,159","83,050",4.5,"1,881,454","1,774,681","106,773",5.7,"1,891,077","1,740,971","150,106",7.9,"1,911,712","1,737,449","174,263",9.1,"1,914,775","1,745,967","168,808",8.8,"1,887,419","1,729,838","157,581",8.3,"1,863,337","1,717,764","145,573",7.8,"1,887,428","1,762,564","124,864",6.6,"1,888,994","1,780,915","108,079",6,"1,891,786","1,794,477","97,309",5.1,"1,897,639","1,808,328","89,311",4.7,"1,900,664","1,821,891","78,773",4.1,"1,913,530","1,842,164","71,366",3.7,"76,366",100
9001,CT,Bridgeport,1,"452,280","442,598","9,682",2.1,"449,338","435,905","13,433",3,"449,865","431,418","18,447",4.1,"452,081","429,839","22,242",4.9,"448,115","428,096","20,019",4.5,"451,803","431,973","19,830",4.4,"459,839","442,204","17,635",3.8,"466,532","448,188","18,344",3.9,"471,297","447,013","24,284",5.2,"471,953","436,665","35,288",7.5,"473,306","433,481","39,825",8.4,"476,904","437,780","39,124",8.2,"472,552","435,746","36,806",7.8,"467,788","433,763","34,025",7.3,"476,091","446,662","29,429",6.2,"478,829","453,172","25,657",5,"480,577","457,145","23,432",4.9,"479,458","457,625","21,833",4.6,"479,179","460,045","19,134",4,"481,023","463,547","17,476",3.6,"91,183",119.4
10000,DE,Delaware,,"413,500","398,027","15,473",3.7,"421,786","407,033","14,753",3.5,"416,783","400,019","16,764",4,"415,160","397,472","17,688",4.3,"420,384","403,599","16,785",4,"432,409","414,465","17,944",4.1,"441,184","425,399","15,785",3.6,"443,573","428,312","15,261",3.4,"447,041","424,914","22,127",4.9,"437,500","401,312","36,188",8.3,"434,419","397,869","36,550",8.4,"443,346","410,086","33,260",7.5,"445,572","413,457","32,115",7.2,"442,728","413,119","29,609",6.7,"452,187","426,325","25,862",5.7,"465,486","442,855","22,631",5,"471,852","450,526","21,326",4.5,"476,270","454,928","21,342",4.5,"481,773","463,542","18,231",3.8,"487,263","468,844","18,419",3.8,"65,467",100
10003,DE,Wilmington,1,"270,531","260,715","9,816",3.6,"275,308","265,872","9,436",3.4,"268,410","257,322","11,088",4.1,"265,814","254,061","11,753",4.4,"266,051","254,797","11,254",4.2,"270,152","258,145","12,007",4.4,"274,789","264,399","10,390",3.8,"275,852","266,221","9,631",3.5,"277,739","264,070","13,669",4.9,"271,289","248,704","22,585",8.3,"271,575","249,148","22,427",8.3,"277,387","257,260","20,127",7.3,"278,342","258,855","19,487",7,"276,688","258,787","17,901",6.5,"282,578","266,987","15,591",5.5,"291,188","277,487","13,701",5,"293,641","280,645","12,996",4.4,"295,508","282,545","12,963",4.4,"297,784","286,811","10,973",3.7,"300,148","289,100","11,048",3.7,"69,562",106.3
11000,DC,District of Columbia,,"310,469","293,086","17,383",5.6,"310,515","290,811","19,704",6.3,"306,099","286,496","19,603",6.4,"306,422","285,454","20,968",6.8,"312,027","287,683","24,344",7.8,"315,616","295,484","20,132",6.4,"316,083","297,786","18,297",5.8,"322,237","304,426","17,811",5.5,"330,544","309,192","21,352",6.5,"335,672","304,500","31,172",9.3,"346,065","313,508","32,557",9.4,"350,778","315,171","35,607",10.2,"364,989","331,984","33,005",9,"374,126","342,351","31,775",8.5,"379,123","349,686","29,437",7.8,"389,101","362,304","26,797",7,"395,021","370,897","24,124",6.1,"401,021","376,716","24,305",6.1,"404,739","381,703","23,036",5.7,"409,969","387,482","22,487",5.5,"82,533",100
12000,FL,Florida,,"7,856,895","7,565,981","290,914",3.7,"8,043,714","7,669,117","374,597",4.7,"8,114,409","7,656,349","458,060",5.6,"8,210,696","7,783,148","427,548",5.2,"8,440,428","8,049,908","390,520",4.6,"8,720,970","8,398,974","321,996",3.7,"9,000,204","8,709,522","290,682",3.2,"9,157,124","8,789,770","367,354",4,"9,215,524","8,637,164","578,360",6.3,"9,094,825","8,148,123","946,702",10.4,"9,212,066","8,193,659","1,018,407",11.1,"9,300,542","8,371,638","928,904",10,"9,382,993","8,588,669","794,324",8.5,"9,453,747","8,770,084","683,663",7.2,"9,567,295","8,966,245","601,050",6.3,"9,594,383","9,070,977","523,406",6,"9,805,927","9,335,870","470,057",4.8,"10,063,431","9,639,326","424,105",4.2,"10,173,537","9,808,656","364,881",3.6,"10,336,749","10,016,060","320,689",3.1,"55,433",100
12031,FL,Jacksonville,1,"408,161","394,593","13,568",3.3,"412,753","394,619","18,134",4.4,"409,007","385,707","23,300",5.7,"408,062","385,700","22,362",5.5,"411,112","390,042","21,070",5.1,"421,549","404,681","16,868",4,"432,151","416,893","15,258",3.5,"441,216","422,676","18,540",4.2,"446,829","418,438","28,391",6.4,"441,641","395,185","46,456",10.5,"454,798","403,171","51,627",11.4,"456,441","409,556","46,885",10.3,"456,398","416,680","39,718",8.7,"457,588","423,256","34,332",7.5,"459,550","428,626","30,924",6.7,"459,730","433,044","26,686",6,"466,779","443,960","22,819",4.9,"478,819","458,384","20,435",4.3,"482,972","465,288","17,684",3.7,"491,946","475,890","16,056",3.3,"55,733",100.5
13000,GA,Georgia,,"4,222,253","4,071,557","150,696",3.6,"4,262,041","4,089,559","172,482",4,"4,327,691","4,110,874","216,817",5,"4,394,437","4,182,521","211,916",4.8,"4,451,800","4,239,065","212,735",4.8,"4,586,420","4,341,223","245,197",5.3,"4,710,775","4,489,128","221,647",4.7,"4,815,818","4,597,640","218,178",4.5,"4,879,253","4,575,010","304,243",6.2,"4,787,749","4,311,854","475,895",9.9,"4,696,676","4,202,052","494,624",10.5,"4,748,754","4,263,305","485,449",10.2,"4,787,367","4,348,083","439,284",9.2,"4,756,157","4,366,374","389,783",8.2,"4,738,946","4,403,433","335,513",7.1,"4,768,825","4,482,922","285,903",6,"4,913,607","4,649,755","263,852",5.4,"5,048,651","4,812,097","236,554",4.7,"5,080,472","4,880,038","200,434",3.9,"5,110,318","4,935,310","175,008",3.4,"58,634",100
13121,GA,Atlanta,1,"429,759","414,781","14,978",3.5,"439,452","421,301","18,151",4.1,"442,733","417,741","24,992",5.6,"445,338","421,444","23,894",5.4,"448,696","425,535","23,161",5.2,"457,326","430,634","26,692",5.8,"472,127","448,380","23,747",5,"488,891","465,409","23,482",4.8,"497,388","465,380","32,008",6.4,"486,983","437,746","49,237",10.1,"485,002","434,315","50,687",10.5,"498,861","448,034","50,827",10.2,"511,185","464,673","46,512",9.1,"508,273","467,197","41,076",8.1,"507,906","472,230","35,676",7,"512,558","481,798","30,760",6,"530,235","501,729","28,506",5.4,"547,741","521,497","26,244",4.8,"551,054","528,836","22,218",4,"556,954","537,605","19,349",3.5,"70,808",120.8
15000,HI,Hawaii,,"605,947","580,214","25,733",4.2,"610,630","583,187","27,443",4.5,"600,924","575,594","25,330",4.2,"603,122","578,323","24,799",4.1,"610,912","590,156","20,756",3.4,"626,912","608,957","17,955",2.9,"638,260","621,573","16,687",2.6,"638,395","620,535","17,860",2.8,"639,691","612,120","27,571",4.3,"631,690","586,522","45,168",7.2,"647,249","602,282","44,967",6.9,"660,253","615,319","44,934",6.8,"647,185","608,302","38,883",6,"651,557","619,691","31,866",4.9,"665,465","636,495","28,970",4.4,"673,814","649,808","24,006",4,"683,223","663,056","20,167",3,"683,799","667,154","16,645",2.4,"675,184","658,256","16,928",2.5,"664,992","646,973","18,019",2.7,"80,527",100
15003,HI,Honolulu,1,"430,891","413,120","17,771",4.1,"431,962","413,218","18,744",4.3,"424,149","406,706","17,443",4.1,"424,451","407,549","16,902",4,"427,982","413,881","14,101",3.3,"439,257","427,016","12,241",2.8,"444,788","433,478","11,310",2.5,"442,512","430,846","11,666",2.6,"443,915","426,832","17,083",3.8,"439,761","413,213","26,548",6,"444,198","417,638","26,560",6,"453,983","427,178","26,805",5.9,"445,702","421,553","24,149",5.4,"449,026","428,988","20,038",4.5,"458,020","439,284","18,736",4.1,"462,771","447,183","15,588",3,"466,140","453,131","13,009",2.8,"464,734","453,882","10,852",2.3,"458,052","446,999","11,053",2.4,"450,562","438,936","11,626",2.6,"83,695",103.9
16000,ID,Idaho,,"659,824","628,844","30,980",4.7,"677,665","643,280","34,385",5.1,"684,591","646,549","38,042",5.6,"690,005","651,335","38,670",5.6,"703,062","668,441","34,621",4.9,"731,670","702,291","29,379",4,"747,377","721,346","26,031",3.5,"754,438","731,235","23,203",3.1,"755,153","716,653","38,500",5.1,"757,131","690,722","66,409",8.8,"761,056","692,826","68,230",9,"765,178","701,466","63,712",8.3,"769,256","713,704","55,552",7.2,"770,833","723,636","47,197",6.1,"779,986","742,302","37,684",4.8,"794,687","762,070","32,617",4,"814,668","783,891","30,777",3.8,"833,906","807,147","26,759",3.2,"857,207","832,286","24,921",2.9,"881,891","856,245","25,646",2.9,"55,524",100
16001,ID,Boise,1,"169,932","164,171","5,761",3.4,"175,653","168,876","6,777",3.9,"175,742","167,437","8,305",4.7,"177,056","168,453","8,603",4.9,"178,289","171,048","7,241",4.1,"187,127","180,914","6,213",3.3,"193,828","188,617","5,211",2.7,"196,740","191,500","5,240",2.7,"196,434","186,848","9,586",4.9,"196,383","178,892","17,491",8.9,"196,945","180,585","16,360",8.3,"200,304","185,600","14,704",7.3,"204,353","191,714","12,639",6.2,"206,575","195,843","10,732",5.2,"211,675","202,897","8,778",4.1,"217,294","209,558","7,736",4,"225,548","218,120","7,428",3.3,"234,405","227,785","6,620",2.8,"244,766","238,575","6,191",2.5,"254,224","247,855","6,369",2.5,"66,827",120.4
17000,IL,Illinois,,"6,493,466","6,211,404","282,062",4.3,"6,457,922","6,113,677","344,245",5.3,"6,349,239","5,933,897","415,342",6.5,"6,300,221","5,874,608","425,613",6.8,"6,325,447","5,933,127","392,320",6.2,"6,397,808","6,033,913","363,895",5.7,"6,526,273","6,230,845","295,428",4.5,"6,665,601","6,334,010","331,591",5,"6,657,227","6,238,611","418,616",6.3,"6,618,658","5,943,229","675,429",10.2,"6,625,321","5,937,047","688,274",10.4,"6,586,893","5,948,366","638,527",9.7,"6,581,867","5,990,644","591,223",9,"6,549,473","5,956,749","592,724",9,"6,513,861","6,052,151","461,710",7.1,"6,505,855","6,117,766","388,089",6,"6,542,013","6,161,676","380,337",5.8,"6,478,307","6,159,030","319,277",4.9,"6,463,957","6,184,805","279,152",4.3,"6,446,610","6,190,757","255,853",4,"65,063",100
,,Chicago,,"3,259,157","3,109,648","149,509",8,"3,241,606","3,053,964","187,642",11,"3,150,548","2,919,953","230,595",13,"3,097,739","2,876,393","221,346",13,"3,071,723","2,870,736","200,987",12,"3,060,753","2,873,534","187,219",11,"3,088,433","2,945,503","142,930",8,"3,145,761","2,987,758","158,003",9,"3,144,960","2,950,154","194,806",11,"3,130,394","2,810,660","319,734",19,"3,146,639","2,814,735","331,904",20,"3,138,418","2,821,786","316,632",19,"3,159,749","2,866,277","293,472",17,"3,182,532","2,887,756","294,776",17,"3,166,973","2,938,143","228,830",13,"3,157,719","2,968,220","189,499",11,"3,176,947","2,991,864","185,083",11,"3,143,519","2,989,086","154,433",9,"3,110,946","2,986,700","124,246",7,"3,102,561","2,989,511","113,050",7,"156,887",241
18000,IN,Indiana,,"3,126,379","3,029,073","97,306",3.1,"3,140,899","3,007,507","133,392",4.2,"3,171,168","3,006,811","164,357",5.2,"3,182,988","3,014,655","168,333",5.3,"3,167,797","2,998,068","169,729",5.4,"3,205,436","3,029,959","175,477",5.5,"3,235,110","3,072,113","162,997",5,"3,207,687","3,061,042","146,645",4.6,"3,232,097","3,041,828","190,269",5.9,"3,193,989","2,864,985","329,004",10.3,"3,175,192","2,845,608","329,584",10.4,"3,181,991","2,891,945","290,046",9.1,"3,169,835","2,905,549","264,286",8.3,"3,188,406","2,944,275","244,131",7.7,"3,224,772","3,032,497","192,275",6,"3,266,753","3,108,735","158,018",5,"3,328,373","3,181,085","147,288",4.4,"3,334,433","3,215,427","119,006",3.6,"3,381,609","3,263,751","117,858",3.5,"3,387,366","3,275,056","112,310",3.3,"55,725",100
18097,IN,Indianapolis,1,"455,135","442,211","12,924",2.8,"459,505","442,014","17,491",3.8,"462,330","438,222","24,108",5.2,"464,331","439,470","24,861",5.4,"459,140","434,021","25,119",5.5,"459,492","433,930","25,562",5.6,"461,468","438,492","22,976",5,"460,046","439,218","20,828",4.5,"463,200","437,123","26,077",5.6,"457,524","414,853","42,671",9.3,"452,836","405,071","47,765",10.5,"456,011","410,958","45,053",9.9,"458,377","416,087","42,290",9.2,"463,346","423,961","39,385",8.5,"467,169","436,716","30,453",6.5,"472,330","448,309","24,021",5,"481,434","459,887","21,547",4.5,"483,607","465,932","17,675",3.7,"488,698","471,316","17,382",3.6,"492,967","476,851","16,116",3.3,"48,409",86.9
19000,IA,Iowa,,"1,590,453","1,548,636","41,817",2.6,"1,612,964","1,559,241","53,723",3.3,"1,637,909","1,572,560","65,349",4,"1,606,798","1,534,489","72,309",4.5,"1,601,788","1,529,761","72,027",4.5,"1,629,764","1,560,169","69,595",4.3,"1,657,584","1,596,530","61,054",3.7,"1,660,677","1,599,332","61,345",3.7,"1,679,293","1,608,695","70,598",4.2,"1,687,411","1,579,248","108,163",6.4,"1,678,281","1,577,447","100,834",6,"1,662,376","1,570,177","92,199",5.5,"1,653,141","1,569,879","83,262",5,"1,674,190","1,594,891","79,299",4.7,"1,701,445","1,629,331","72,114",4.2,"1,698,092","1,634,249","63,843",4,"1,689,799","1,628,686","61,113",3.6,"1,672,660","1,620,442","52,218",3.1,"1,690,960","1,646,708","44,252",2.6,"1,738,824","1,691,016","47,808",2.7,"60,071",100
19153,IA,Des Moines,1,"214,484","209,530","4,954",2.3,"218,483","212,153","6,330",2.9,"226,066","217,763","8,303",3.7,"222,159","212,939","9,220",4.2,"223,295","213,356","9,939",4.5,"227,980","218,864","9,116",4,"233,878","225,888","7,990",3.4,"237,576","229,306","8,270",3.5,"240,951","231,148","9,803",4.1,"243,967","229,011","14,956",6.1,"244,896","230,295","14,601",6,"242,920","229,153","13,767",5.7,"244,092","231,443","12,649",5.2,"250,374","238,328","12,046",4.8,"256,071","245,273","10,798",4.2,"255,296","245,868","9,428",4,"256,655","247,743","8,912",3.5,"258,774","250,800","7,974",3.1,"264,091","257,086","7,005",2.7,"273,646","265,893","7,753",2.8,"68,479",114
20000,KS,Kansas,,"1,406,580","1,356,147","50,433",3.6,"1,390,620","1,332,034","58,586",4.2,"1,413,014","1,341,603","71,411",5.1,"1,437,027","1,357,867","79,160",5.5,"1,463,707","1,383,867","79,840",5.5,"1,465,640","1,392,024","73,616",5,"1,467,095","1,402,796","64,299",4.4,"1,483,458","1,420,449","63,009",4.2,"1,499,676","1,430,628","69,048",4.6,"1,518,207","1,413,873","104,334",6.9,"1,500,764","1,394,958","105,806",7.1,"1,491,087","1,394,082","97,005",6.5,"1,485,220","1,400,122","85,098",5.7,"1,485,917","1,407,217","78,700",5.3,"1,492,158","1,424,439","67,719",4.5,"1,489,560","1,427,337","62,223",4,"1,483,633","1,423,730","59,903",4,"1,476,110","1,422,274","53,836",3.6,"1,477,847","1,429,229","48,618",3.3,"1,486,620","1,439,563","47,057",3.2,"58,150",100
20173,KS,Wichita,1,"238,296","228,780","9,516",4,"237,443","227,793","9,650",4.1,"241,458","227,267","14,191",5.9,"240,350","224,059","16,291",6.8,"243,548","228,577","14,971",6.1,"244,942","231,582","13,360",5.5,"245,201","233,957","11,244",4.6,"250,715","240,113","10,602",4.2,"254,830","243,295","11,535",4.5,"259,399","237,590","21,809",8.4,"252,713","230,497","22,216",8.8,"249,217","229,352","19,865",8,"246,743","229,760","16,983",6.9,"246,243","231,111","15,132",6.1,"247,015","233,744","13,271",5.4,"246,743","234,963","11,780",5,"247,016","235,528","11,488",4.7,"244,473","234,077","10,396",4.3,"246,776","237,636","9,140",3.7,"251,155","242,477","8,678",3.5,"56,381",97
21000,KY,Kentucky,,"1,965,688","1,883,714","81,974",4.2,"1,958,409","1,857,238","101,171",5.2,"1,944,020","1,833,535","110,485",5.7,"1,960,045","1,839,873","120,172",6.1,"1,963,875","1,857,816","106,059",5.4,"1,999,777","1,881,943","117,834",5.9,"2,029,231","1,913,472","115,759",5.7,"2,032,082","1,922,220","109,862",5.4,"2,030,738","1,900,683","130,055",6.4,"2,060,162","1,847,126","213,036",10.3,"2,054,375","1,844,650","209,725",10.2,"2,056,410","1,862,928","193,482",9.4,"2,059,127","1,891,162","167,965",8.2,"2,055,442","1,890,879","164,563",8,"2,006,359","1,876,841","129,518",6.5,"1,981,373","1,876,497","104,876",5,"2,015,160","1,911,978","103,182",5.1,"2,053,074","1,952,513","100,561",4.9,"2,057,791","1,968,611","89,180",4.3,"2,072,586","1,983,577","89,009",4.3,"50,189",100
21111,KY,Louisville,1,"364,088","350,740","13,348",3.7,"355,396","338,825","16,571",4.7,"348,839","329,254","19,585",5.6,"347,618","326,521","21,097",6.1,"347,354","328,837","18,517",5.3,"351,726","330,869","20,857",5.9,"355,094","334,975","20,119",5.7,"356,083","337,283","18,800",5.3,"355,732","333,279","22,453",6.3,"360,376","323,842","36,534",10.1,"378,722","340,806","37,916",10,"378,781","342,935","35,846",9.5,"382,602","352,234","30,368",7.9,"385,274","356,481","28,793",7.5,"377,526","354,769","22,757",6,"377,768","359,717","18,051",5,"386,617","369,452","17,165",4.4,"396,486","378,941","17,545",4.4,"400,457","384,240","16,217",4,"402,518","386,373","16,145",4,"55,860",111.3
22000,LA,Louisiana,,"2,037,075","1,929,056","108,019",5.3,"2,028,302","1,911,818","116,484",5.7,"2,004,222","1,881,146","123,076",6.1,"2,018,324","1,888,974","129,350",6.4,"2,037,176","1,916,536","120,640",5.9,"2,069,403","1,921,385","148,018",7.2,"1,988,513","1,899,981","88,532",4.5,"2,030,434","1,944,038","86,396",4.3,"2,084,835","1,982,381","102,454",4.9,"2,064,768","1,923,884","140,884",6.8,"2,086,076","1,919,852","166,224",8,"2,073,217","1,911,021","162,196",7.8,"2,080,280","1,933,137","147,143",7.1,"2,101,416","1,960,539","140,877",6.7,"2,151,282","2,014,189","137,093",6.4,"2,158,123","2,021,509","136,614",6,"2,120,980","1,992,249","128,731",6.1,"2,103,217","1,995,433","107,784",5.1,"2,104,497","2,001,995","102,502",4.9,"2,095,452","1,994,285","101,167",4.8,"48,021",100
22071,LA,New Orleans,1,"211,299","199,774","11,525",5.5,"206,259","194,236","12,023",5.8,"200,243","187,637","12,606",6.3,"197,740","185,357","12,383",6.3,"196,115","184,460","11,655",5.9,,,,,,,,,"107,655","102,197","5,458",5.1,"133,877","125,795","8,082",6,"145,831","134,275","11,556",7.9,"162,592","148,465","14,127",8.7,"165,726","151,413","14,313",8.6,"168,791","155,488","13,303",7.9,"173,465","160,741","12,724",7.3,"179,100","166,682","12,418",6.9,"181,971","170,104","11,867",7,"179,955","169,401","10,554",5.9,"178,474","169,295","9,179",5.1,"178,349","169,410","8,939",5,"178,834","170,121","8,713",4.9,"38,855",80.9
23000,ME,Maine,,"678,164","655,349","22,815",3.4,"674,319","648,545","25,774",3.8,"675,232","645,935","29,297",4.3,"683,535","649,571","33,964",5,"686,000","654,161","31,839",4.6,"697,153","663,132","34,021",4.9,"701,541","669,554","31,987",4.6,"700,468","667,781","32,687",4.7,"701,646","663,158","38,488",5.5,"696,219","639,954","56,265",8.1,"695,182","638,630","56,552",8.1,"699,281","644,085","55,196",7.9,"702,636","650,117","52,519",7.5,"705,417","658,522","46,895",6.6,"696,313","657,188","39,125",5.6,"683,243","653,259","29,984",4,"690,983","664,838","26,145",3.8,"697,548","674,003","23,545",3.4,"695,679","673,150","22,529",3.2,"692,739","671,759","20,980",3,"55,579",100
23005,ME,Portland,1,"149,932","146,206","3,726",2.5,"149,431","145,219","4,212",2.8,"149,285","144,479","4,806",3.2,"151,456","146,156","5,300",3.5,"153,456","148,302","5,154",3.4,"155,620","149,953","5,667",3.6,"156,163","150,916","5,247",3.4,"157,386","151,982","5,404",3.4,"157,278","150,651","6,627",4.2,"156,176","146,081","10,095",6.5,"156,017","145,846","10,171",6.5,"158,118","148,107","10,011",6.3,"159,792","150,251","9,541",6,"160,923","152,393","8,530",5.3,"159,182","152,163","7,019",4.4,"157,894","152,480","5,414",3,"161,698","156,997","4,701",2.9,"164,393","160,092","4,301",2.6,"164,612","160,364","4,248",2.6,"164,832","160,912","3,920",2.4,"71,586",128.8
24000,MD,Maryland,,"2,803,685","2,703,284","100,401",3.6,"2,837,985","2,724,184","113,801",4,"2,869,954","2,742,501","127,453",4.4,"2,882,219","2,754,523","127,696",4.4,"2,889,324","2,766,475","122,849",4.3,"2,924,546","2,803,487","121,059",4.1,"2,963,866","2,849,354","114,512",3.9,"2,970,094","2,867,348","102,746",3.5,"3,001,953","2,874,987","126,966",4.2,"3,032,700","2,820,245","212,455",7,"3,073,826","2,838,492","235,334",7.7,"3,096,561","2,872,084","224,477",7.2,"3,119,647","2,902,307","217,340",7,"3,129,352","2,923,498","205,854",6.6,"3,123,048","2,941,562","181,486",5.8,"3,141,602","2,981,859","159,743",5,"3,166,204","3,025,243","140,961",4.5,"3,204,581","3,068,886","135,695",4.2,"3,221,603","3,094,569","127,034",3.9,"3,260,667","3,143,967","116,700",3.6,"83,076",100
24510,MD,Baltimore,1,"280,025","263,397","16,628",5.9,"279,761","261,410","18,351",6.6,"275,146","255,706","19,440",7.1,"275,629","255,498","20,131",7.3,"273,347","253,679","19,668",7.2,"272,354","253,539","18,815",6.9,"273,753","256,270","17,483",6.4,"275,151","259,986","15,165",5.5,"278,558","260,431","18,127",6.5,"281,265","252,544","28,721",10.2,"295,516","262,359","33,157",11.2,"295,593","264,148","31,445",10.6,"297,246","267,009","30,237",10.2,"296,567","267,895","28,672",9.7,"293,710","268,596","25,114",8.6,"293,652","271,532","22,120",8,"290,265","271,061","19,204",6.6,"291,127","272,834","18,293",6.3,"288,238","271,672","16,566",5.7,"290,743","275,911","14,832",5.1,"50,501",60.8
25000,MA,Massachusetts,,"3,330,177","3,240,245","89,932",2.7,"3,381,287","3,255,134","126,153",3.7,"3,431,082","3,250,085","180,997",5.3,"3,422,409","3,226,981","195,428",5.7,"3,395,511","3,220,838","174,673",5.1,"3,384,116","3,220,089","164,027",4.8,"3,413,339","3,246,316","167,023",4.9,"3,426,009","3,268,096","157,913",4.6,"3,452,468","3,261,408","191,060",5.5,"3,470,382","3,189,010","281,372",8.1,"3,480,083","3,190,818","289,265",8.3,"3,469,308","3,217,754","251,554",7.3,"3,485,161","3,252,531","232,630",6.7,"3,512,827","3,276,792","236,035",6.7,"3,568,321","3,363,438","204,883",5.7,"3,589,313","3,417,113","172,200",5,"3,617,530","3,477,553","139,977",3.9,"3,689,566","3,551,388","138,178",3.7,"3,785,489","3,658,286","127,203",3.4,"3,817,437","3,706,556","110,881",2.9,"79,817",100
25025,MA,Boston,1,"347,381","336,913","10,468",3,"351,958","337,308","14,650",4.2,"352,511","331,632","20,879",5.9,"345,791","323,479","22,312",6.5,"336,954","317,830","19,124",5.7,"332,082","314,372","17,710",5.3,"357,971","339,648","18,323",5.1,"364,284","347,532","16,752",4.6,"371,840","351,623","20,217",5.4,"374,530","345,580","28,950",7.7,"393,933","363,832","30,101",7.6,"396,308","370,009","26,299",6.6,"401,375","376,763","24,612",6.1,"406,846","381,623","25,223",6.2,"415,476","393,536","21,940",5.3,"420,905","402,385","18,520",4,"427,223","412,113","15,110",3.5,"440,368","425,335","15,033",3.4,"455,039","441,272","13,767",3,"461,168","449,136","12,032",2.6,"68,743",86.1
26000,MI,Michigan,,"5,162,774","4,976,322","186,452",3.6,"5,119,956","4,854,630","265,326",5.2,"5,017,141","4,702,399","314,742",6.3,"5,027,859","4,667,103","360,756",7.2,"5,062,376","4,705,591","356,785",7,"5,083,130","4,738,902","344,228",6.8,"5,076,656","4,721,085","355,571",7,"5,011,120","4,658,939","352,181",7,"4,921,466","4,529,289","392,177",8,"4,903,544","4,233,803","669,741",13.7,"4,798,954","4,194,041","604,913",12.6,"4,685,164","4,198,349","486,815",10.4,"4,672,695","4,246,658","426,037",9.1,"4,723,945","4,308,030","415,915",8.8,"4,761,391","4,417,024","344,367",7.2,"4,758,851","4,500,448","258,403",5,"4,847,009","4,605,820","241,189",5,"4,884,100","4,658,713","225,387",4.6,"4,908,714","4,705,360","203,354",4.1,"4,937,266","4,735,826","201,440",4.1,"56,640",100
26163,MI,Detroit,1,"955,276","917,566","37,710",3.9,"942,230","888,352","53,878",5.7,"917,251","851,213","66,038",7.2,"920,061","840,332","79,729",8.7,"916,559","837,179","79,380",8.7,"910,762","835,251","75,511",8.3,"901,905","827,726","74,179",8.2,"883,501","810,552","72,949",8.3,"863,865","783,771","80,094",9.3,"869,996","728,832","141,164",16.2,"802,754","678,426","124,328",15.5,"774,443","674,177","100,266",12.9,"771,845","681,453","90,392",11.7,"776,560","687,300","89,260",11.5,"769,698","695,664","74,034",9.6,"760,134","708,069","52,065",7,"780,565","731,656","48,909",6.3,"791,967","747,804","44,163",5.6,"797,770","756,452","41,318",5.2,"808,171","767,123","41,048",5.1,"46,440",82
27000,MN,Minnesota,,"2,812,947","2,724,118","88,829",3.2,"2,845,203","2,737,961","107,242",3.8,"2,859,602","2,731,080","128,522",4.5,"2,874,663","2,734,287","140,376",4.9,"2,880,428","2,745,615","134,813",4.7,"2,879,760","2,762,733","117,027",4.1,"2,887,832","2,772,115","115,717",4,"2,906,390","2,773,704","132,686",4.6,"2,925,088","2,766,342","158,746",5.4,"2,941,976","2,713,426","228,550",7.8,"2,938,795","2,721,194","217,601",7.4,"2,946,279","2,755,264","191,015",6.5,"2,946,356","2,781,141","165,215",5.6,"2,958,596","2,811,762","146,834",5,"2,972,801","2,848,788","124,013",4.2,"3,000,340","2,889,488","110,852",4,"3,035,242","2,918,185","117,057",3.9,"3,057,358","2,953,440","103,918",3.4,"3,071,433","2,981,153","90,280",2.9,"3,109,648","3,009,156","100,492",3.2,"70,295",100
27053,MN,Minneapolis,1,"666,621","648,571","18,050",2.7,"666,946","643,865","23,081",3.5,"661,528","632,374","29,154",4.4,"660,470","629,699","30,771",4.7,"657,468","628,479","28,989",4.4,"652,568","628,595","23,973",3.7,"649,356","626,223","23,133",3.6,"655,691","629,005","26,686",4.1,"656,957","624,644","32,313",4.9,"656,192","608,540","47,652",7.3,"650,891","605,294","45,597",7,"656,063","616,331","39,732",6.1,"659,812","625,310","34,502",5.2,"666,831","636,298","30,533",4.6,"672,373","646,952","25,421",3.8,"677,303","655,117","22,186",3,"687,887","664,996","22,891",3.3,"698,627","677,806","20,821",3,"702,946","685,282","17,664",2.5,"712,531","692,855","19,676",2.8,"76,067",108.2
28000,MS,Mississippi,,"1,319,266","1,248,240","71,026",5.4,"1,294,134","1,222,500","71,634",5.5,"1,286,236","1,201,191","85,045",6.6,"1,301,250","1,219,145","82,105",6.3,"1,313,102","1,232,187","80,915",6.2,"1,317,392","1,218,825","98,567",7.5,"1,290,171","1,205,906","84,265",6.5,"1,303,514","1,224,059","79,455",6.1,"1,306,772","1,220,991","85,781",6.6,"1,269,219","1,148,930","120,289",9.5,"1,306,608","1,170,879","135,729",10.4,"1,342,808","1,208,747","134,061",10,"1,316,536","1,198,196","118,340",9,"1,272,477","1,163,752","108,725",8.5,"1,250,171","1,156,341","93,830",7.5,"1,264,840","1,184,093","80,747",6,"1,278,447","1,204,372","74,075",5.8,"1,277,602","1,212,553","65,049",5.1,"1,269,134","1,207,680","61,454",4.8,"1,276,118","1,206,892","69,226",5.4,"44,740",100
28049,MS,Jackson,1,"122,940","116,785","6,155",5,"122,510","116,587","5,923",4.8,"119,845","112,967","6,878",5.7,"121,448","114,758","6,690",5.5,"124,079","117,206","6,873",5.5,"122,092","114,214","7,878",6.5,"118,328","111,647","6,681",5.6,"117,887","111,407","6,480",5.5,"116,684","109,822","6,862",5.9,"113,528","104,170","9,358",8.2,"113,892","102,705","11,187",9.8,"118,305","107,045","11,260",9.5,"115,704","105,543","10,161",8.8,"110,759","101,375","9,384",8.5,"108,306","100,481","7,825",7.2,"109,303","102,755","6,548",6,"110,065","104,105","5,960",5.4,"109,419","104,106","5,313",4.9,"106,905","101,839","5,066",4.7,"107,145","101,524","5,621",5.2,"44,776",100.1
29000,MO,Missouri,,"2,959,946","2,853,891","106,055",3.6,"3,001,465","2,862,838","138,627",4.6,"3,000,908","2,839,467","161,441",5.4,"3,020,821","2,850,987","169,834",5.6,"3,015,650","2,838,872","176,778",5.9,"3,009,334","2,847,006","162,328",5.4,"3,029,689","2,882,757","146,932",4.8,"3,034,579","2,879,647","154,932",5.1,"3,028,857","2,842,845","186,012",6.1,"3,049,563","2,766,711","282,852",9.3,"3,056,484","2,763,535","292,949",9.6,"3,047,786","2,789,224","258,562",8.5,"3,025,309","2,815,275","210,034",6.9,"3,020,202","2,817,435","202,767",6.7,"3,046,903","2,859,966","186,937",6.1,"3,075,362","2,920,639","154,723",5,"3,081,333","2,941,072","140,261",4.6,"3,063,474","2,948,905","114,569",3.7,"3,053,105","2,956,667","96,438",3.2,"3,083,245","2,981,688","101,557",3.3,"54,412",100
29095,MO,Kansas City,1,"346,703","333,861","12,842",3.7,"347,409","330,481","16,928",4.9,"344,703","323,714","20,989",6.1,"343,792","321,297","22,495",6.5,"341,134","317,117","24,017",7,"336,286","314,780","21,506",6.4,"335,295","316,140","19,155",5.7,"336,581","316,869","19,712",5.9,"333,855","310,717","23,138",6.9,"343,945","308,926","35,019",10.2,"361,016","322,487","38,529",10.7,"358,229","324,168","34,061",9.5,"355,862","328,189","27,673",7.8,"353,084","326,123","26,961",7.6,"357,424","332,011","25,413",7.1,"362,912","341,432","21,480",6,"364,782","346,091","18,691",5.1,"363,006","347,100","15,906",4.4,"359,032","345,609","13,423",3.7,"363,539","350,008","13,531",3.7,"55,864",102.7
30000,MT,Montana,,"467,293","444,137","23,156",5,"466,063","444,909","21,154",4.5,"467,203","446,640","20,563",4.4,"471,489","449,266","22,223",4.7,"480,281","457,423","22,858",4.8,"486,054","464,907","21,147",4.4,"493,614","476,377","17,237",3.5,"502,070","484,189","17,881",3.6,"509,163","483,347","25,816",5.1,"501,014","466,713","34,301",6.8,"500,525","463,998","36,527",7.3,"501,225","466,403","34,822",6.9,"506,485","476,174","30,311",6,"510,781","483,071","27,710",5.4,"512,245","488,336","23,909",4.7,"517,656","496,042","21,614",4,"522,497","500,830","21,667",4.1,"525,575","504,871","20,704",3.9,"528,834","509,568","19,266",3.6,"533,497","514,917","18,580",3.5,"55,248",100
30111,MT,Billings,1,"71,223","68,198","3,025",4.2,"71,814","69,208","2,606",3.6,"74,555","71,916","2,639",3.5,"75,259","72,484","2,775",3.7,"76,635","73,715","2,920",3.8,"78,579","75,801","2,778",3.5,"79,565","77,278","2,287",2.9,"81,465","79,262","2,203",2.7,"82,535","79,407","3,128",3.8,"81,872","77,821","4,051",4.9,"76,415","71,920","4,495",5.9,"77,147","72,938","4,209",5.5,"78,680","75,067","3,613",4.6,"79,268","75,831","3,437",4.3,"79,413","76,460","2,953",3.7,"80,777","78,096","2,681",3,"81,264","78,343","2,921",3.6,"81,390","78,600","2,790",3.4,"81,536","78,878","2,658",3.3,"81,781","79,173","2,608",3.2,"59,975",108.6
31000,NE,Nebraska,,"944,973","918,370","26,603",2.8,"950,764","921,003","29,761",3.1,"954,224","919,401","34,823",3.6,"964,258","926,315","37,943",3.9,"969,981","932,515","37,466",3.9,"972,992","935,906","37,086",3.8,"970,052","939,874","30,178",3.1,"978,763","949,494","29,269",3,"989,757","956,759","32,998",3.3,"991,583","945,648","45,935",4.6,"993,398","947,360","46,038",4.6,"1,003,256","959,059","44,197",4.4,"1,014,980","974,428","40,552",4,"1,018,294","979,937","38,357",3.8,"1,010,818","977,617","33,201",3.3,"1,007,016","976,735","30,281",3,"1,009,202","978,237","30,965",3.1,"1,011,977","982,435","29,542",2.9,"1,023,491","993,561","29,930",2.9,"1,035,240","1,003,680","31,560",3,"59,724",100
31055,NE,Omaha,1,"258,571","250,752","7,819",3,"260,138","250,988","9,150",3.5,"261,768","250,512","11,256",4.3,"263,051","251,038","12,013",4.6,"264,598","252,793","11,805",4.5,"266,086","254,196","11,890",4.5,"265,341","256,013","9,328",3.5,"269,973","260,826","9,147",3.4,"274,208","264,071","10,137",3.7,"274,796","260,623","14,173",5.2,"279,280","264,986","14,294",5.1,"282,043","268,236","13,807",4.9,"285,676","272,913","12,763",4.5,"286,568","274,688","11,880",4.1,"286,124","275,745","10,379",3.6,"286,569","277,086","9,483",3,"287,660","278,127","9,533",3.3,"290,548","281,350","9,198",3.2,"294,689","285,210","9,479",3.2,"299,587","289,816","9,771",3.3,"64,580",108.1
32000,NV,Nevada,,"1,067,022","1,022,462","44,560",4.2,"1,112,079","1,054,262","57,817",5.2,"1,129,668","1,066,121","63,547",5.6,"1,147,036","1,088,787","58,249",5.1,"1,177,634","1,126,943","50,691",4.3,"1,223,831","1,173,709","50,122",4.1,"1,285,318","1,233,287","52,031",4,"1,330,396","1,270,572","59,824",4.5,"1,363,574","1,272,187","91,387",6.7,"1,349,299","1,196,758","152,541",11.3,"1,358,578","1,174,774","183,804",13.5,"1,373,115","1,194,264","178,851",13,"1,376,381","1,222,710","153,671",11.2,"1,381,157","1,248,122","133,035",9.6,"1,388,769","1,278,808","109,961",7.9,"1,407,748","1,312,816","94,932",7,"1,425,451","1,344,258","81,193",5.7,"1,460,754","1,387,628","73,126",5,"1,503,683","1,436,891","66,792",4.4,"1,542,452","1,482,476","59,976",3.9,"58,740",100
32003,NV,Las Vegas,1,"730,308","698,877","31,431",4.3,"767,224","725,947","41,277",5.4,"782,858","737,054","45,804",5.9,"801,220","759,476","41,744",5.2,"829,072","793,008","36,064",4.3,"869,251","833,919","35,332",4.1,"917,900","881,109","36,791",4,"951,064","908,308","42,756",4.5,"980,238","915,147","65,091",6.6,"967,672","856,495","111,177",11.5,"984,373","848,942","135,431",13.8,"995,128","863,507","131,621",13.2,"999,325","886,826","112,499",11.3,"1,005,660","908,300","97,360",9.7,"1,016,386","935,262","81,124",8,"1,035,380","964,853","70,527",7,"1,048,544","987,517","61,027",5.8,"1,072,743","1,016,808","55,935",5.2,"1,101,978","1,050,577","51,401",4.7,"1,131,551","1,085,793","45,758",4,"57,155",97.3
33000,NH,New Hampshire,,"687,908","669,621","18,287",2.7,"697,760","673,778","23,982",3.4,"702,280","670,880","31,400",4.5,"707,524","677,030","30,494",4.3,"716,186","689,150","27,036",3.8,"725,849","700,026","25,823",3.6,"731,854","706,777","25,077",3.4,"737,942","712,008","25,934",3.5,"742,781","714,104","28,677",3.9,"744,227","697,802","46,425",6.2,"738,257","695,135","43,122",5.8,"736,302","696,532","39,770",5.4,"741,097","700,371","40,726",5.5,"741,285","703,534","37,751",5.1,"743,320","711,551","31,769",4.3,"745,701","720,583","25,118",3,"751,500","730,066","21,434",2.9,"754,682","734,205","20,477",2.7,"762,758","743,182","19,576",2.6,"773,740","754,054","19,686",2.5,"75,322",100
33011,NH,Manchester,1,"212,572","207,152","5,420",2.5,"216,244","208,619","7,625",3.5,"216,674","206,322","10,352",4.8,"219,658","209,646","10,012",4.6,"223,189","214,535","8,654",3.9,"226,188","217,986","8,202",3.6,"226,541","218,494","8,047",3.6,"228,214","220,129","8,085",3.5,"228,996","220,158","8,838",3.9,"229,684","214,833","14,851",6.5,"226,152","212,241","13,911",6.2,"225,079","212,340","12,739",5.7,"226,905","213,782","13,123",5.8,"227,769","215,532","12,237",5.4,"229,068","218,783","10,285",4.5,"229,924","221,738","8,186",4,"232,001","224,981","7,020",3,"234,126","227,400","6,726",2.9,"238,088","231,744","6,344",2.7,"242,579","236,216","6,363",2.6,"78,714",104.5
34000,NJ,New Jersey,,"4,282,069","4,123,717","158,352",3.7,"4,288,826","4,106,225","182,601",4.3,"4,346,237","4,095,174","251,063",5.8,"4,347,154","4,093,686","253,468",5.8,"4,349,171","4,138,830","210,341",4.8,"4,391,579","4,194,895","196,684",4.5,"4,445,879","4,236,485","209,394",4.7,"4,441,797","4,251,815","189,982",4.3,"4,504,432","4,263,965","240,467",5.3,"4,550,645","4,138,570","412,075",9.1,"4,555,330","4,121,455","433,875",9.5,"4,565,272","4,138,464","426,808",9.3,"4,588,033","4,159,986","428,047",9.3,"4,548,560","4,173,828","374,732",8.2,"4,487,038","4,183,541","303,497",6.8,"4,487,308","4,227,638","259,670",6,"4,473,781","4,251,211","222,570",5,"4,454,682","4,248,743","205,939",4.6,"4,432,520","4,250,796","181,724",4.1,"4,493,125","4,333,333","159,792",3.6,"81,777",100
34013,NJ,Newark,1,"365,491","349,001","16,490",4.5,"364,711","345,299","19,412",5.3,"369,274","342,684","26,590",7.2,"367,727","341,078","26,649",7.2,"362,557","340,464","22,093",6.1,"360,801","340,502","20,299",5.6,"362,670","341,287","21,383",5.9,"361,575","342,249","19,326",5.3,"365,516","341,987","23,529",6.4,"367,513","329,542","37,971",10.3,"382,021","340,577","41,444",10.8,"382,913","341,465","41,448",10.8,"384,092","342,808","41,284",10.7,"379,967","343,127","36,840",9.7,"373,430","343,438","29,992",8,"371,332","345,649","25,683",7,"368,262","346,140","22,122",6,"367,815","347,042","20,773",5.6,"365,106","346,431","18,675",5.1,"368,748","352,334","16,414",4.5,"62,875",76.9
35000,NM,New Mexico,,"845,755","804,103","41,652",4.9,"857,949","815,642","42,307",4.9,"874,496","826,086","48,410",5.5,"889,730","837,667","52,063",5.9,"902,265","852,612","49,653",5.5,"918,156","871,248","46,908",5.1,"928,094","889,448","38,646",4.2,"934,027","898,998","35,029",3.8,"944,548","902,411","42,137",4.5,"940,352","869,491","70,861",7.5,"936,088","860,154","75,934",8.1,"930,356","860,305","70,051",7.5,"927,795","861,617","66,178",7.1,"923,899","859,804","64,095",6.9,"931,752","869,558","62,194",6.7,"934,982","874,206","60,776",7,"936,723","874,970","61,753",6.6,"935,259","880,442","54,817",5.9,"938,245","892,331","45,914",4.9,"954,596","908,166","46,430",4.9,"47,405",100
35001,NM,Albuquerque,1,"287,292","275,836","11,456",4,"290,898","278,762","12,136",4.2,"294,256","279,753","14,503",4.9,"296,480","280,961","15,519",5.2,"301,259","286,255","15,004",5,"305,757","291,412","14,345",4.7,"310,792","298,859","11,933",3.8,"312,319","301,166","11,153",3.6,"313,468","299,763","13,705",4.4,"310,124","286,763","23,361",7.5,"326,594","301,358","25,236",7.7,"323,703","300,392","23,311",7.2,"321,012","299,201","21,811",6.8,"319,638","298,965","20,673",6.5,"322,039","302,055","19,984",6.2,"323,333","304,413","18,920",6,"326,722","307,963","18,759",5.7,"327,461","310,374","17,087",5.2,"328,200","313,554","14,646",4.5,"333,865","319,048","14,817",4.4,"51,372",108.4
36000,NY,New York,,"9,133,869","8,718,749","415,120",4.5,"9,151,745","8,709,897","441,848",4.8,"9,275,515","8,705,352","570,163",6.1,"9,263,401","8,672,909","590,492",6.4,"9,355,953","8,812,618","543,335",5.8,"9,460,866","8,986,859","474,007",5,"9,508,149","9,077,529","430,620",4.5,"9,522,056","9,088,207","433,849",4.6,"9,664,773","9,139,080","525,693",5.4,"9,647,485","8,844,486","802,999",8.3,"9,595,362","8,769,723","825,639",8.6,"9,517,361","8,728,057","789,304",8.3,"9,612,232","8,793,385","818,847",8.5,"9,659,170","8,913,788","745,382",7.7,"9,529,418","8,925,698","603,720",6.3,"9,558,752","9,054,569","504,183",5,"9,551,928","9,088,257","463,671",4.9,"9,549,078","9,100,976","448,102",4.7,"9,521,869","9,127,699","394,170",4.1,"9,514,378","9,137,551","376,827",4,"67,648",100
,,New York City,,"3,666,316","3,455,307","211,009",29,"3,677,800","3,459,230","218,570",30,"3,702,088","3,405,571","296,517",40,"3,683,378","3,375,960","307,418",42,"3,742,291","3,478,177","264,114",36,"3,801,957","3,581,673","220,284",29,"3,816,394","3,626,608","189,786",25,"3,858,607","3,664,280","194,327",26,"3,926,197","3,705,456","220,741",29,"3,960,775","3,591,529","369,246",47,"3,950,404","3,573,552","376,852",49,"3,962,835","3,602,688","360,147",47,"4,022,461","3,646,479","375,982",48,"4,084,535","3,723,927","360,608",45,"4,090,981","3,794,359","296,622",37,"4,102,226","3,868,509","233,717",30,"4,115,737","3,901,580","214,157",27,"4,110,802","3,920,330","190,472",24,"4,080,082","3,908,729","171,353",22,"4,069,191","3,908,498","160,693",20,"332,189",491
37000,NC,North Carolina,,"4,138,190","3,986,151","152,039",3.7,"4,198,338","3,966,798","231,540",5.5,"4,184,713","3,906,570","278,143",6.6,"4,255,631","3,984,596","271,035",6.4,"4,253,126","4,019,809","233,317",5.5,"4,317,428","4,091,039","226,389",5.2,"4,444,967","4,234,095","210,872",4.7,"4,512,856","4,300,304","212,552",4.7,"4,560,059","4,281,713","278,346",6.1,"4,570,789","4,087,105","483,684",10.6,"4,616,691","4,115,629","501,062",10.9,"4,633,072","4,157,543","475,529",10.3,"4,680,057","4,245,675","434,382",9.3,"4,692,940","4,318,114","374,826",8,"4,696,781","4,400,314","296,467",6.3,"4,770,119","4,497,906","272,213",6,"4,860,052","4,613,476","246,576",5.1,"4,936,248","4,715,754","220,494",4.5,"4,986,138","4,787,719","198,419",4,"5,080,444","4,883,875","196,569",3.9,"53,922",100
37119,NC,Charlotte,1,"397,029","385,524","11,505",2.9,"409,161","391,446","17,715",4.3,"411,447","387,468","23,979",5.8,"418,025","393,995","24,030",5.7,"416,749","395,649","21,100",5.1,"426,529","405,368","21,161",5,"445,356","425,476","19,880",4.5,"456,736","436,055","20,681",4.5,"466,991","439,235","27,756",5.9,"465,775","416,463","49,312",10.6,"502,428","448,844","53,584",10.7,"513,764","462,812","50,952",9.9,"527,788","481,623","46,165",8.7,"537,143","496,753","40,390",7.5,"547,830","514,977","32,853",6,"565,437","535,313","30,124",5,"583,478","555,878","27,600",4.7,"600,609","575,010","25,599",4.3,"611,032","587,780","23,252",3.8,"626,769","603,983","22,786",3.6,"64,509",119.6
38000,ND,North Dakota,,"342,568","332,407","10,161",3,"341,816","331,820","9,996",2.9,"340,631","327,957","12,674",3.7,"344,676","331,852","12,824",3.7,"352,466","340,403","12,063",3.4,"355,545","343,508","12,037",3.4,"361,459","349,821","11,638",3.2,"367,234","355,766","11,468",3.1,"371,025","359,333","11,692",3.2,"368,665","353,455","15,210",4.1,"378,342","364,053","14,289",3.8,"388,634","375,153","13,481",3.5,"397,867","385,674","12,193",3.1,"406,193","394,392","11,801",2.9,"413,544","402,521","11,023",2.7,"412,957","401,409","11,548",3,"412,469","399,691","12,778",3.1,"409,752","398,823","10,929",2.7,"403,583","393,199","10,384",2.6,"403,599","394,024","9,575",2.4,"65,250",100
38017,ND,Fargo,1,"75,351","73,751","1,600",2.1,"76,054","74,445","1,609",2.1,"75,982","73,836","2,146",2.8,"77,467","75,182","2,285",2.9,"80,707","78,543","2,164",2.7,"82,230","80,023","2,207",2.7,"84,220","82,058","2,162",2.6,"87,690","85,446","2,244",2.6,"88,926","86,519","2,407",2.7,"87,854","84,241","3,613",4.1,"88,824","85,680","3,144",3.5,"89,620","86,697","2,923",3.3,"89,610","86,980","2,630",2.9,"91,442","88,921","2,521",2.8,"92,639","90,401","2,238",2.4,"95,126","92,985","2,141",2,"100,165","97,926","2,239",2.2,"101,672","99,495","2,177",2.1,"101,737","99,441","2,296",2.3,"102,347","100,269","2,078",2,"63,885",97.9
39000,OH,Ohio,,"5,787,343","5,556,757","230,586",4,"5,816,832","5,567,130","249,702",4.3,"5,852,985","5,516,645","336,340",5.7,"5,872,372","5,505,858","366,514",6.2,"5,870,479","5,502,444","368,035",6.3,"5,890,046","5,541,082","348,964",5.9,"5,945,482","5,624,435","321,047",5.4,"5,990,292","5,657,718","332,574",5.6,"5,965,166","5,580,843","384,323",6.4,"5,906,768","5,297,098","609,670",10.3,"5,846,886","5,247,050","599,836",10.3,"5,771,469","5,261,238","510,231",8.8,"5,705,591","5,284,001","421,590",7.4,"5,716,730","5,290,609","426,121",7.5,"5,704,371","5,373,053","331,318",5.8,"5,699,187","5,419,361","279,826",5,"5,743,201","5,454,611","288,590",5,"5,778,729","5,491,543","287,186",5,"5,780,747","5,521,681","259,066",4.5,"5,802,318","5,563,572","238,746",4.1,"56,155",100
39049,OH,Columbus,1,"593,207","573,832","19,375",3.3,"599,424","579,080","20,344",3.4,"604,280","573,565","30,715",5.1,"602,224","569,021","33,203",5.5,"600,875","567,016","33,859",5.6,"601,304","569,067","32,237",5.4,"609,068","580,184","28,884",4.7,"622,081","592,795","29,286",4.7,"624,952","590,436","34,516",5.5,"624,988","571,996","52,992",8.5,"626,837","571,204","55,633",8.9,"627,448","578,794","48,654",7.8,"630,055","589,581","40,474",6.4,"638,834","597,678","41,156",6.4,"647,175","615,598","31,577",4.9,"655,089","628,175","26,914",4,"666,583","638,923","27,660",4.1,"682,117","654,273","27,844",4.1,"689,443","663,145","26,298",3.8,"697,639","673,069","24,570",3.5,"60,383",107.5
40000,OK,Oklahoma,,"1,660,528","1,610,099","50,429",3,"1,675,935","1,614,572","61,363",3.7,"1,686,568","1,608,106","78,462",4.7,"1,685,572","1,593,521","92,051",5.5,"1,689,608","1,607,421","82,187",4.9,"1,703,293","1,627,110","76,183",4.5,"1,715,794","1,647,098","68,696",4,"1,726,259","1,655,490","70,769",4.1,"1,746,466","1,681,081","65,385",3.7,"1,764,432","1,652,023","112,409",6.4,"1,768,284","1,648,138","120,146",6.8,"1,772,666","1,668,418","104,248",5.9,"1,803,863","1,709,258","94,605",5.2,"1,802,073","1,706,861","95,212",5.3,"1,798,260","1,717,628","80,632",4.5,"1,832,157","1,751,434","80,723",4,"1,831,712","1,743,766","87,946",4.8,"1,835,725","1,758,210","77,515",4.2,"1,840,609","1,777,564","63,045",3.4,"1,841,209","1,780,551","60,658",3.3,"51,914",100
40109,OK,Oklahoma City,1,"326,691","317,386","9,305",2.8,"330,780","317,977","12,803",3.9,"333,340","317,810","15,530",4.7,"330,607","312,633","17,974",5.4,"332,239","316,240","15,999",4.8,"333,282","317,817","15,465",4.6,"328,518","314,706","13,812",4.2,"323,354","309,044","14,310",4.4,"324,124","311,404","12,720",3.9,"325,899","305,990","19,909",6.1,"354,254","332,486","21,768",6.1,"357,336","338,450","18,886",5.3,"365,892","348,402","17,490",4.8,"368,547","350,727","17,820",4.8,"369,494","354,038","15,456",4.2,"375,202","360,407","14,795",4,"375,442","359,374","16,068",4.3,"378,349","363,326","15,023",4,"382,074","369,308","12,766",3.3,"384,731","372,632","12,099",3.1,"52,346",100.8
41000,OR,Oregon,,"1,818,559","1,725,744","92,815",5.1,"1,823,916","1,706,904","117,012",6.4,"1,835,325","1,697,237","138,088",7.5,"1,845,544","1,695,906","149,638",8.1,"1,838,112","1,703,703","134,409",7.3,"1,845,761","1,731,845","113,916",6.2,"1,885,385","1,785,044","100,341",5.3,"1,921,766","1,822,772","98,994",5.2,"1,955,121","1,827,352","127,769",6.5,"1,976,638","1,753,682","222,956",11.3,"1,984,039","1,773,076","210,963",10.6,"1,993,889","1,804,320","189,569",9.5,"1,953,439","1,780,790","172,649",8.8,"1,910,702","1,760,302","150,400",7.9,"1,936,869","1,805,524","131,345",6.8,"1,978,114","1,867,302","110,812",6,"2,047,313","1,948,757","98,556",4.8,"2,088,780","2,002,804","85,976",4.1,"2,097,202","2,012,235","84,967",4.1,"2,104,069","2,025,300","78,769",3.7,"63,168",100
41051,OR,Portland,1,"381,239","363,518","17,721",4.6,"380,121","356,323","23,798",6.3,"377,757","347,528","30,229",8,"373,523","342,005","31,518",8.4,"363,822","336,779","27,043",7.4,"360,354","338,487","21,867",6.1,"366,637","347,849","18,788",5.1,"379,156","360,681","18,475",4.9,"388,379","365,522","22,857",5.9,"393,391","351,886","41,505",10.6,"418,838","378,511","40,327",9.6,"424,717","389,294","35,423",8.3,"419,500","387,585","31,915",7.6,"411,694","383,774","27,920",6.8,"419,257","394,554","24,703",5.9,"429,636","408,570","21,066",5,"443,744","425,011","18,733",4.2,"453,416","436,974","16,442",3.6,"452,492","436,194","16,298",3.6,"455,189","440,311","14,878",3.3,"70,756",112
42000,PA,Pennsylvania,,"6,106,892","5,854,551","252,341",4.1,"6,178,617","5,881,688","296,929",4.8,"6,218,643","5,868,607","350,036",5.6,"6,170,359","5,821,711","348,648",5.7,"6,213,778","5,876,997","336,781",5.4,"6,251,402","5,940,570","310,832",5,"6,294,504","6,006,634","287,870",4.6,"6,342,997","6,064,063","278,934",4.4,"6,451,535","6,109,645","341,890",5.3,"6,400,263","5,885,351","514,912",8,"6,380,949","5,840,887","540,062",8.5,"6,395,506","5,888,745","506,761",7.9,"6,462,939","5,957,314","505,625",7.8,"6,442,411","5,967,811","474,600",7.4,"6,392,355","6,017,923","374,432",5.9,"6,413,445","6,073,961","339,484",5,"6,448,789","6,102,096","346,693",5.4,"6,426,047","6,112,981","313,066",4.9,"6,423,711","6,150,782","272,929",4.2,"6,491,640","6,207,627","284,013",4.4,"60,891",100
42101,PA,Philadelphia,1,"637,072","602,049","35,023",5.5,"637,214","598,088","39,126",6.1,"635,301","588,476","46,825",7.4,"625,101","578,304","46,797",7.5,"619,946","574,770","45,176",7.3,"617,131","575,746","41,385",6.7,"615,906","577,682","38,224",6.2,"620,518","582,727","37,791",6.1,"630,620","586,024","44,596",7.1,"652,401","588,815","63,586",9.7,"687,809","615,073","72,736",10.6,"690,937","617,219","73,718",10.7,"699,340","623,262","76,078",10.9,"698,341","626,447","71,894",10.3,"690,640","634,680","55,960",8.1,"694,732","645,414","49,318",7,"703,114","655,667","47,447",6.7,"704,948","661,229","43,719",6.2,"709,058","670,112","38,946",5.5,"722,078","682,012","40,066",5.5,"46,149",75.8
44000,RI,Rhode Island,,"543,561","521,313","22,248",4.1,"543,862","519,044","24,818",4.6,"550,256","522,832","27,424",5,"560,483","530,567","29,916",5.3,"558,688","529,893","28,795",5.2,"565,735","537,194","28,541",5,"572,601","544,357","28,244",4.9,"573,173","543,401","29,772",5.2,"570,328","525,941","44,387",7.8,"567,280","504,951","62,329",11,"566,704","503,216","63,488",11.2,"560,056","498,248","61,808",11,"558,487","500,434","58,053",10.4,"556,926","505,370","51,556",9.3,"556,579","513,753","42,826",7.7,"554,426","521,209","33,217",6,"553,177","524,493","28,684",5.2,"553,122","528,746","24,376",4.4,"554,554","532,478","22,076",4,"555,554","535,768","19,786",3.6,"63,787",100
44007,RI,Providence,1,"309,746","296,002","13,744",4.4,"310,556","294,798","15,758",5.1,"314,031","296,897","17,134",5.5,"320,539","301,684","18,855",5.9,"319,368","301,529","17,839",5.6,"323,279","305,663","17,616",5.4,"327,711","310,272","17,439",5.3,"328,144","309,733","18,411",5.6,"327,491","300,024","27,467",8.4,"326,783","288,048","38,735",11.9,"328,917","290,205","38,712",11.8,"326,158","288,279","37,879",11.6,"325,794","290,145","35,649",10.9,"324,614","292,953","31,661",9.8,"324,997","298,536","26,461",8.1,"323,908","303,363","20,545",6,"323,192","305,351","17,841",5.5,"323,972","308,660","15,312",4.7,"324,904","310,929","13,975",4.3,"325,490","312,930","12,560",3.9,"56,141",88
45000,SC,South Carolina,,"1,993,562","1,918,583","74,979",3.8,"1,949,685","1,847,939","101,746",5.2,"1,949,135","1,835,823","113,312",5.8,"1,997,977","1,859,765","138,212",6.9,"2,033,310","1,894,141","139,169",6.8,"2,068,599","1,929,233","139,366",6.7,"2,109,097","1,973,337","135,760",6.4,"2,125,891","2,005,686","120,205",5.7,"2,142,232","1,996,409","145,823",6.8,"2,152,745","1,910,670","242,075",11.2,"2,155,668","1,915,045","240,623",11.2,"2,175,523","1,945,900","229,623",10.6,"2,186,878","1,985,618","201,260",9.2,"2,190,968","2,023,642","167,326",7.6,"2,222,345","2,078,592","143,753",6.5,"2,272,996","2,137,158","135,838",6,"2,296,800","2,181,587","115,213",5,"2,311,766","2,212,845","98,921",4.3,"2,339,939","2,259,057","80,882",3.5,"2,376,069","2,308,362","67,707",2.8,"52,449",100
45019,SC,Charleston,1,"154,636","149,448","5,188",3.4,"149,901","143,672","6,229",4.2,"153,406","146,447","6,959",4.5,"159,204","150,548","8,656",5.4,"164,605","155,700","8,905",5.4,"167,313","158,229","9,084",5.4,"169,758","161,234","8,524",5,"173,525","165,971","7,554",4.4,"174,276","165,025","9,251",5.3,"173,571","158,380","15,191",8.8,"178,847","163,111","15,736",8.8,"183,009","167,780","15,229",8.3,"186,506","173,166","13,340",7.2,"187,570","176,533","11,037",5.9,"192,269","182,328","9,941",5.2,"198,504","188,861","9,643",5,"202,083","193,793","8,290",4.1,"203,901","196,750","7,151",3.5,"207,291","201,465","5,826",2.8,"212,354","207,473","4,881",2.3,"62,958",120
46000,SD,South Dakota,,"408,658","398,618","10,040",2.5,"412,778","400,031","12,747",3.1,"417,517","404,239","13,278",3.2,"423,035","408,088","14,947",3.5,"427,664","411,762","15,902",3.7,"430,606","414,209","16,397",3.8,"435,007","421,483","13,524",3.1,"442,499","430,011","12,488",2.8,"446,618","432,925","13,693",3.1,"446,010","423,993","22,017",4.9,"441,339","419,355","21,984",5,"440,934","420,054","20,880",4.7,"442,442","423,501","18,941",4.3,"443,079","426,284","16,795",3.8,"446,715","431,382","15,333",3.4,"449,844","435,901","13,943",3,"452,794","439,302","13,492",3,"456,240","441,604","14,636",3.2,"459,565","445,472","14,093",3.1,"463,997","448,713","15,284",3.3,"57,041",100
46099,SD,Sioux Falls,1,"88,976","87,261","1,715",1.9,"89,737","87,520","2,217",2.5,"90,941","88,471","2,470",2.7,"91,822","88,953","2,869",3.1,"92,929","89,663","3,266",3.5,"93,785","90,545","3,240",3.5,"95,307","92,676","2,631",2.8,"99,419","96,929","2,490",2.5,"100,944","98,082","2,862",2.8,"100,524","95,455","5,069",5,"99,177","94,240","4,937",5,"99,359","94,899","4,460",4.5,"100,905","96,904","4,001",4,"102,441","99,051","3,390",3.3,"104,391","101,243","3,148",3,"106,213","103,346","2,867",3,"107,702","104,943","2,759",2.6,"109,321","106,305","3,016",2.8,"110,726","107,770","2,956",2.7,"113,094","109,853","3,241",2.9,"60,033",105.2
47000,TN,Tennessee,,"2,843,069","2,733,281","109,788",3.9,"2,861,343","2,730,988","130,355",4.6,"2,906,591","2,756,086","150,505",5.2,"2,912,187","2,748,140","164,047",5.6,"2,878,736","2,725,108","153,628",5.3,"2,904,794","2,743,383","161,411",5.6,"3,036,029","2,878,455","157,574",5.2,"3,063,669","2,920,352","143,317",4.7,"3,054,785","2,853,746","201,039",6.6,"3,052,678","2,733,113","319,565",10.5,"3,090,795","2,792,063","298,732",9.7,"3,125,307","2,844,662","280,645",9,"3,100,671","2,857,945","242,726",7.8,"3,067,431","2,828,479","238,952",7.8,"3,024,186","2,825,051","199,135",6.6,"3,057,301","2,885,145","172,156",6,"3,123,283","2,976,105","147,178",4.7,"3,185,241","3,065,279","119,962",3.8,"3,254,261","3,139,888","114,373",3.5,"3,344,849","3,231,501","113,348",3.4,"52,366",100
47037,TN,Nashville,1,"308,521","298,970","9,551",3.1,"307,002","296,183","10,819",3.5,"305,801","292,721","13,080",4.3,"303,542","289,575","13,967",4.6,"299,979","286,553","13,426",4.5,"301,917","288,260","13,657",4.5,"312,437","299,241","13,196",4.2,"325,361","312,929","12,432",3.8,"323,870","306,349","17,521",5.4,"323,043","294,328","28,715",8.9,"342,404","314,469","27,935",8.2,"350,092","323,712","26,380",7.5,"353,385","331,459","21,926",6.2,"354,139","333,157","20,982",5.9,"354,746","336,922","17,824",5,"362,895","346,987","15,908",4,"372,624","359,204","13,420",3.6,"383,649","372,829","10,820",2.8,"393,923","383,409","10,514",2.7,"409,810","399,502","10,308",2.5,"60,799",116.1
48000,TX,Texas,,"10,374,053","9,929,387","444,666",4.3,"10,532,732","10,011,046","521,686",5,"10,748,810","10,065,870","682,940",6.4,"10,914,664","10,185,312","729,352",6.7,"10,992,359","10,338,484","653,875",5.9,"11,124,240","10,523,257","600,983",5.4,"11,327,995","10,774,490","553,505",4.9,"11,431,631","10,941,413","490,218",4.3,"11,664,390","11,104,115","560,275",4.8,"11,910,799","11,008,903","901,896",7.6,"12,241,970","11,244,632","997,338",8.1,"12,504,498","11,535,095","969,403",7.8,"12,670,455","11,818,675","851,780",6.7,"12,857,595","12,052,646","804,949",6.3,"13,039,452","12,374,172","665,280",5.1,"13,087,237","12,505,617","581,620",4,"13,335,578","12,720,226","615,352",4.6,"13,574,795","12,989,682","585,113",4.3,"13,816,690","13,285,118","531,572",3.8,"14,045,312","13,551,791","493,521",3.5,"60,632",100
48201,TX,Houston,1,"1,725,910","1,652,532","73,378",4.3,"1,751,413","1,669,710","81,703",4.7,"1,790,572","1,680,755","109,817",6.1,"1,806,134","1,683,596","122,538",6.8,"1,805,276","1,693,835","111,441",6.2,"1,823,699","1,719,989","103,710",5.7,"1,874,936","1,780,465","94,471",5,"1,898,209","1,818,000","80,209",4.2,"1,933,140","1,842,516","90,624",4.7,"1,971,402","1,822,227","149,175",7.6,"2,064,026","1,892,849","171,177",8.3,"2,110,507","1,944,945","165,562",7.8,"2,156,942","2,013,828","143,114",6.6,"2,199,353","2,066,248","133,105",6.1,"2,232,655","2,121,528","111,127",5,"2,234,702","2,131,167","103,535",5,"2,249,341","2,129,674","119,667",5.3,"2,265,691","2,150,927","114,764",5.1,"2,286,360","2,186,339","100,021",4.4,"2,317,346","2,228,703","88,643",3.8,"60,241",99.4
49000,UT,Utah,,"1,142,044","1,103,807","38,237",3.3,"1,164,077","1,112,607","51,470",4.4,"1,184,751","1,116,067","68,684",5.8,"1,200,236","1,132,554","67,682",5.6,"1,231,160","1,169,795","61,365",5,"1,272,445","1,220,617","51,828",4.1,"1,318,450","1,279,328","39,122",3,"1,359,129","1,324,060","35,069",2.6,"1,371,201","1,322,089","49,112",3.6,"1,365,850","1,266,009","99,841",7.3,"1,356,097","1,249,814","106,283",7.8,"1,350,444","1,259,337","91,107",6.7,"1,372,971","1,298,807","74,164",5.4,"1,405,630","1,341,192","64,438",4.6,"1,427,065","1,372,636","54,429",3.8,"1,460,136","1,407,186","52,950",4,"1,505,449","1,453,543","51,906",3.4,"1,546,987","1,496,465","50,522",3.3,"1,569,969","1,522,290","47,679",3,"1,607,688","1,565,782","41,906",2.6,"71,381",100
49035,UT,Salt Lake City,1,"486,372","471,013","15,359",3.2,"492,535","470,934","21,601",4.4,"495,252","465,786","29,466",5.9,"496,311","467,810","28,501",5.7,"500,677","475,564","25,113",5,"517,454","496,679","20,775",4,"534,687","519,133","15,554",2.9,"550,691","536,924","13,767",2.5,"557,692","538,772","18,920",3.4,"553,693","514,653","39,040",7.1,"548,378","506,309","42,069",7.7,"546,296","510,115","36,181",6.6,"556,484","527,250","29,234",5.3,"569,638","544,635","25,003",4.4,"575,348","554,142","21,206",3.7,"585,134","565,279","19,855",3,"601,570","582,448","19,122",3.2,"614,498","595,348","19,150",3.1,"619,396","601,161","18,235",2.9,"634,741","618,767","15,974",2.5,"73,619",103.1
50000,VT,Vermont,,"331,404","322,129","9,275",2.8,"337,065","325,889","11,176",3.3,"343,139","329,427","13,712",4,"345,971","331,122","14,849",4.3,"347,673","334,899","12,774",3.7,"350,766","338,553","12,213",3.5,"357,007","343,865","13,142",3.7,"353,739","339,547","14,192",4,"354,899","338,273","16,626",4.7,"359,836","336,104","23,732",6.6,"359,402","337,488","21,914",6.1,"358,108","338,463","19,645",5.5,"354,857","337,284","17,573",5,"350,447","334,964","15,483",4.4,"347,058","333,383","13,675",3.9,"344,697","332,432","12,265",4,"344,748","333,628","11,120",3.2,"345,734","335,571","10,163",2.9,"345,300","336,496","8,804",2.5,"342,226","334,070","8,156",2.4,"60,917",100
50007,VT,Burlington,1,"84,114","82,190","1,924",2.3,"85,086","82,694","2,392",2.8,"86,110","83,091","3,019",3.5,"86,525","83,243","3,282",3.8,"87,043","84,276","2,767",3.2,"87,236","84,544","2,692",3.1,"88,480","85,605","2,875",3.2,"88,330","85,355","2,975",3.4,"88,974","85,422","3,552",4,"90,375","85,311","5,064",5.6,"94,582","90,041","4,541",4.8,"95,504","91,485","4,019",4.2,"95,835","92,217","3,618",3.8,"95,084","91,824","3,260",3.4,"95,520","92,640","2,880",3,"94,862","92,292","2,570",3,"95,230","92,854","2,376",2.5,"96,775","94,635","2,140",2.2,"97,097","95,189","1,908",2,"96,435","94,707","1,728",1.8,"74,240",121.9
51000,VA,Virginia,,"3,605,811","3,522,865","82,946",2.3,"3,670,137","3,551,375","118,762",3.2,"3,726,468","3,569,570","156,898",4.2,"3,753,703","3,599,264","154,439",4.1,"3,795,246","3,650,269","144,977",3.8,"3,897,042","3,757,592","139,450",3.6,"3,978,641","3,855,633","123,008",3.1,"4,036,835","3,914,087","122,748",3,"4,133,443","3,970,428","163,015",3.9,"4,118,171","3,842,516","275,655",6.7,"4,157,658","3,860,386","297,272",7.1,"4,211,802","3,934,326","277,476",6.6,"4,223,844","3,967,987","255,857",6.1,"4,237,277","3,995,182","242,095",5.7,"4,241,179","4,019,470","221,709",5.2,"4,216,679","4,028,801","187,878",5,"4,243,060","4,069,395","173,665",4.1,"4,311,176","4,151,746","159,430",3.7,"4,341,153","4,209,651","131,502",3,"4,412,246","4,289,132","123,114",2.8,"72,600",100
51810,VA,Virginia Beach,1,"205,898","201,294","4,604",2.2,"210,475","204,339","6,136",2.9,"213,845","206,207","7,638",3.6,"215,308","207,436","7,872",3.7,"216,704","209,047","7,657",3.5,"220,002","212,602","7,400",3.4,"221,582","215,051","6,531",2.9,"222,978","216,854","6,124",2.7,"225,849","217,654","8,195",3.6,"219,738","206,585","13,153",6,"226,894","212,145","14,749",6.5,"229,211","215,118","14,093",6.1,"229,035","215,892","13,143",5.7,"231,008","218,514","12,494",5.4,"231,599","220,150","11,449",4.9,"228,751","218,937","9,814",4,"228,905","219,741","9,164",4,"231,550","223,354","8,196",3.5,"232,337","225,561","6,776",2.9,"234,597","228,266","6,331",2.7,"76,520",105.4
53000,WA,Washington,,"3,059,339","2,901,492","157,847",5.2,"3,039,367","2,847,875","191,492",6.3,"3,082,839","2,854,762","228,077",7.4,"3,127,404","2,895,863","231,541",7.4,"3,197,095","2,996,795","200,300",6.3,"3,263,703","3,082,399","181,304",5.6,"3,323,938","3,156,626","167,312",5,"3,403,163","3,243,308","159,855",4.7,"3,478,577","3,291,309","187,268",5.4,"3,535,200","3,211,649","323,551",9.2,"3,511,326","3,160,544","350,782",10,"3,461,428","3,140,190","321,238",9.3,"3,471,282","3,189,271","282,011",8.1,"3,463,869","3,219,842","244,027",7,"3,491,487","3,277,540","213,947",6.1,"3,550,573","3,350,352","200,221",6,"3,644,319","3,452,854","191,465",5.3,"3,726,120","3,551,136","174,984",4.7,"3,807,013","3,637,581","169,432",4.5,"3,914,154","3,747,713","166,441",4.3,"74,023",100
53033,WA,Seattle,1,"988,130","951,669","36,461",3.7,"992,822","945,223","47,599",4.8,"983,366","922,965","60,401",6.1,"987,258","926,821","60,437",6.1,"993,258","943,793","49,465",5,"1,011,681","967,430","44,251",4.4,"1,043,636","1,004,810","38,826",3.7,"1,067,240","1,033,216","34,024",3.2,"1,090,567","1,048,196","42,371",3.9,"1,113,894","1,024,328","89,566",8,"1,105,830","1,006,061","99,769",9,"1,108,889","1,021,048","87,841",7.9,"1,122,834","1,051,837","70,997",6.3,"1,137,369","1,079,695","57,674",5.1,"1,161,650","1,107,340","54,310",4.7,"1,184,240","1,134,979","49,261",4,"1,213,744","1,167,122","46,622",3.8,"1,238,090","1,194,955","43,135",3.5,"1,264,754","1,224,648","40,106",3.2,"1,290,480","1,254,638","35,842",2.8,"94,822",128.1
54000,WN,West Virginia,,"809,063","764,711","44,352",5.5,"809,128","768,661","40,467",5,"799,998","752,548","47,450",5.9,"786,552","738,990","47,562",6,"783,658","741,890","41,768",5.3,"790,982","750,561","40,421",5.1,"806,168","766,399","39,769",4.9,"811,160","773,990","37,170",4.6,"812,905","777,560","35,345",4.3,"814,027","751,165","62,862",7.7,"811,125","740,910","70,215",8.7,"807,021","741,972","65,049",8.1,"807,917","747,384","60,533",7.5,"798,530","744,410","54,120",6.8,"788,821","736,472","52,349",6.6,"781,427","728,778","52,649",7,"782,299","734,547","47,752",6.1,"778,975","738,468","40,507",5.2,"785,196","744,326","40,870",5.2,"796,966","757,852","39,114",4.9,"44,038",100
54039,WV,Charleston,1,"97,313","92,508","4,805",4.9,"96,760","92,351","4,409",4.6,"94,366","89,369","4,997",5.3,"91,509","86,590","4,919",5.4,"90,926","86,585","4,341",4.8,"90,679","86,270","4,409",4.9,"91,497","87,484","4,013",4.4,"92,044","88,360","3,684",4,"92,747","89,483","3,264",3.5,"92,520","86,739","5,781",6.2,"92,603","85,765","6,838",7.4,"91,673","85,161","6,512",7.1,"91,341","85,308","6,033",6.6,"89,397","84,118","5,279",5.9,"88,729","83,502","5,227",5.9,"86,120","80,958","5,162",6,"85,268","80,606","4,662",5.5,"82,962","78,764","4,198",5.1,"82,348","78,131","4,217",5.1,"82,440","78,647","3,793",4.6,"41,926",95.2
55000,WI,Wisconsin,,"2,973,221","2,868,382","104,839",3.5,"3,011,703","2,875,585","136,118",4.5,"3,024,319","2,861,621","162,698",5.4,"3,053,642","2,879,779","173,863",5.7,"3,034,581","2,882,064","152,517",5,"3,021,086","2,878,086","143,000",4.7,"3,058,935","2,914,150","144,785",4.7,"3,087,828","2,936,452","151,376",4.9,"3,091,796","2,940,438","151,358",4.9,"3,100,348","2,834,335","266,013",8.6,"3,081,512","2,814,393","267,119",8.7,"3,079,759","2,840,996","238,763",7.8,"3,073,981","2,857,418","216,563",7,"3,079,305","2,871,997","207,308",6.7,"3,081,543","2,914,992","166,551",5.4,"3,091,723","2,951,132","140,591",5,"3,123,595","2,998,625","124,970",4,"3,133,405","3,030,655","102,750",3.3,"3,118,301","3,024,747","93,554",3,"3,105,142","3,001,215","103,927",3.3,"60,779",100
55079,WI,Milwaukee,1,"474,899","453,896","21,003",4.4,"473,068","447,127","25,941",5.5,"468,210","436,967","31,243",6.7,"466,169","433,157","33,012",7.1,"458,562","429,695","28,867",6.3,"451,298","425,389","25,909",5.7,"454,893","429,034","25,859",5.7,"469,736","442,497","27,239",5.8,"469,227","442,645","26,582",5.7,"467,652","423,498","44,154",9.4,"476,474","428,859","47,615",10,"477,634","433,298","44,336",9.3,"476,498","435,452","41,046",8.6,"479,081","438,864","40,217",8.4,"478,619","445,772","32,847",6.9,"477,008","449,615","27,393",6,"477,381","453,685","23,696",5,"475,142","456,025","19,117",4,"468,452","451,475","16,977",3.6,"466,908","448,251","18,657",4,"49,771",81.9
56000,WI,Wyoming,,"266,808","256,414","10,394",3.9,"269,359","259,089","10,270",3.8,"269,546","258,650","10,896",4,"273,620","261,970","11,650",4.3,"274,794","264,321","10,473",3.8,"276,527","266,630","9,897",3.6,"281,247","272,336","8,911",3.2,"286,560","278,486","8,074",2.8,"293,279","284,310","8,969",3.1,"300,120","281,150","18,970",6.3,"303,297","283,744","19,553",6.4,"306,815","289,019","17,796",5.8,"307,267","290,932","16,335",5.3,"306,608","292,131","14,477",4.7,"305,970","293,302","12,668",4.1,"304,112","290,987","13,125",4,"300,344","284,285","16,059",5.3,"293,072","280,886","12,186",4.2,"291,428","280,076","11,352",3.9,"292,258","281,730","10,528",3.6,"62,259",100
56021,WY,Cheyenne,1,"40,224","38,689","1,535",3.8,"40,025","38,401","1,624",4.1,"40,826","39,131","1,695",4.2,"41,853","40,011","1,842",4.4,"41,577","39,737","1,840",4.4,"41,359","39,658","1,701",4.1,"41,432","39,830","1,602",3.9,"41,835","40,350","1,485",3.5,"42,525","40,864","1,661",3.9,"43,841","41,003","2,838",6.5,"46,182","43,092","3,090",6.7,"47,167","44,249","2,918",6.2,"47,711","44,967","2,744",5.8,"48,587","46,258","2,329",4.8,"48,704","46,599","2,105",4.3,"48,621","46,677","1,944",4,"48,772","46,740","2,032",4.2,"48,230","46,472","1,758",3.6,"48,190","46,397","1,793",3.7,"48,491","46,813","1,678",3.5,"63,839",102.5
72000,PR,Puerto Rico,,"1,291,993","1,161,033","130,960",10.1,"1,273,405","1,128,704","144,701",11.4,"1,321,370","1,159,455","161,915",12.3,"1,345,782","1,184,589","161,193",12,"1,347,047","1,204,535","142,512",10.6,"1,378,062","1,221,818","156,244",11.3,"1,419,874","1,270,693","149,181",10.5,"1,387,359","1,232,266","155,093",11.2,"1,345,923","1,187,398","158,525",11.8,"1,301,263","1,101,862","199,401",15.3,"1,268,664","1,061,047","207,617",16.4,"1,220,238","1,025,558","194,680",16,"1,194,283","1,021,387","172,896",14.5,"1,166,320","999,531","166,789",14.3,"1,132,093","974,865","157,228",13.9,"1,120,014","985,873","134,141",12,"1,116,292","984,879","131,413",11.8,"1,096,541","977,599","118,942",10.8,"1,078,187","979,006","99,181",9.2,"1,076,539","987,325","89,214",8.3,,
72127,PR,San Juan,1,"173,897","161,065","12,832",7.4,"168,986","155,453","13,533",8,"173,005","158,038","14,967",8.7,"175,396","160,298","15,098",8.6,"173,652","160,465","13,187",7.6,"173,645","159,713","13,932",8,"178,108","165,033","13,075",7.3,"172,437","158,470","13,967",8.1,"164,801","150,529","14,272",8.7,"155,825","138,542","17,283",11.1,"155,408","139,469","15,939",10.3,"148,387","133,606","14,781",10,"145,024","132,233","12,791",8.8,"139,982","128,736","11,246",8,"135,903","124,920","10,983",8.1,"135,762","125,441","10,321",8,"135,159","124,495","10,664",7.9,"132,504","123,201","9,303",7,"131,456","123,248","8,208",6.2,"131,645","124,372","7,273",5.5,,
